,max,min,average,median,var,std
Sepal.Length,7.9,4.3,5.843333333333335,5.8,0.6856935123042505,0.8280661279778629
Sepal.Width,4.4,2.0,3.057333333333334,3.0,0.1899794183445188,0.435866284936698
Petal.Length,6.9,1.0,3.7580000000000027,4.35,3.1162778523489942,1.7652982332594667
Petal.Width,2.5,0.1,1.199333333333334,1.3,0.5810062639821029,0.7622376689603465
