,Sepal.Length,Sepal.Width,Petal.Length,Petal.Width
Sepal.Length,1.0,-0.11756978413300205,0.8717537758865828,0.8179411262715759
Sepal.Width,-0.11756978413300205,1.0,-0.42844010433054003,-0.3661259325364395
Petal.Length,0.8717537758865828,-0.42844010433054003,1.0,0.9628654314027955
Petal.Width,0.8179411262715759,-0.3661259325364395,0.9628654314027955,1.0
