pretty_formula,volume.density,nsites,spacegroup,totao_magnetization,formation_energy_per_atom,band_gap
LiH,16.20775350716921,0.8143956683975462,2,225,1e-05,-0.4827545393099997,2.981
BeH2,136.06250152268933,0.8075344478866878,18,72,0.0,-0.15223023130222224,5.3260000000000005
